XCoordinate,YCoordinate,class
-77.5957997,0.018919923,1
-77.64631301,0.03361071,1
-77.63421089,0.033524879,1
-77.64833003,0.016444574,2
-77.61951238,0.017431627,1
-77.5583637,0.064253739,1
-77.55063893,0.063309602,1
-77.55686166,0.04717344,1
-77.58699717,0.079367076,1
-77.59312337,0.098586254,2
-77.61071866,0.106182258,1
-77.57449003,0.116596561,1
-77.64061689,0.088312585,1
-77.64980078,0.081274476,1
-77.63061762,0.083849394,2
-77.59458897,0.1881225,1
-77.58317348,0.194216445,1
-77.57437584,0.16906818,1
-77.57403252,0.164304597,2
-77.58386013,0.170870616,2
-77.61191981,0.148192759,1
-77.59672778,0.137721448,1
-78.7368023,0.034210602,2
-78.73821851,0.038137355,2
-78.74042865,0.039317527,2
-78.73748895,0.032215038,2
-78.73650189,0.029339711,2
-78.73278972,0.030970494,2
-78.73935576,0.035219112,1
-78.73515006,0.032408157,1
-78.74513013,0.038850165,1
-78.74523742,0.030417301,1
-78.74525888,0.034129478,1
-78.74248595,0.023445529,1
-78.73504014,0.026900214,1
-78.73435349,0.020570201,1
-78.73810859,0.02445404,2
-78.73802275,0.023080749,2
-78.73991092,0.020485395,2
-78.73269257,0.016721392,2
-78.73263893,0.019918585,2
-78.73696208,0.016087042,1
-78.801586,0.023137924,1
-78.8025864,0.027492723,1
-78.80003294,0.018716535,1
-78.79496616,0.020213098,1
-78.79608195,0.017788381,1
-78.80749744,0.0185394,2
-78.80786222,0.022530526,2
-78.81002757,0.024763948,2
-78.81129358,0.016116507,2
-78.81253812,0.02188862,2
-78.81217334,0.027531987,2
-78.80647967,0.032172423,1
-78.81245589,0.034062117,1
-78.80080437,0.031851977,1
-78.79760718,0.037023276,1
-78.79363751,0.040241926,1
-78.79030084,0.033575092,2
-78.79351413,0.035103951,2
-78.79573499,0.034803544,2
-78.79148411,0.031432716,2
-78.79041644,0.030315981,2
-78.78642542,0.028121977,1
-78.7781653,0.03164333,1
-78.78185602,0.03606361,1
-78.77668472,0.02870363,1
-78.76708754,0.035166137,1
-78.77223738,0.031968945,1
-78.76738795,0.031282299,1
-78.76468428,0.035166137,2
-78.76055414,0.034237265,2
-78.76008254,0.028250414,2
-78.76202982,0.027472574,2
-78.75171001,0.026616893,1
-78.7535194,0.017493301,1
-78.75949536,0.016613536,2
-78.6442077,0.128113149,2
-78.64073692,0.130183809,2
-78.64256082,0.127689361,2
-78.64453639,0.126684849,1
-78.63054599,0.129495798,1
-78.63537397,0.126663392,1
-78.64507283,0.135997455,1
-78.64590434,0.140414845,1
-78.64781052,0.134281655,1
-78.64790652,0.144324597,2
-78.64273522,0.142414871,2
-78.64787499,0.14753751,2
-78.6564403,0.129286786,2
-78.6564403,0.132827292,2
-78.66548942,0.133578868,2
-78.66575764,0.131701327,2
-78.65834084,0.142579852,1
-78.65422096,0.144425206,1
-78.62802687,0.141156725,1
-78.62721598,0.145219573,1
-78.67292618,0.12444512,1
-78.67087697,0.126129543,2
-78.66879558,0.124831357,2
-78.67667055,0.122481748,2
-78.6766058,0.132038745,2
-78.67550334,0.133087734,2
-78.67471477,0.132210654,2
-78.67772482,0.135857796,2
-78.62706273,0.126564642,2
-78.86059275,0.291359969,2
-78.8661932,0.29258304,2
-78.87011745,0.287734386,2
-78.84169414,0.286142663,2
-78.84624317,0.284232954,2
-78.88361121,0.307132994,2
-78.88807441,0.303635443,1
-78.88322254,0.303625737,2
-78.776912,-0.041416836,2
-78.77598932,-0.043090534,2
-78.77478769,-0.041459752,2
-78.88001406,-0.162079101,2
-78.87927377,-0.165791263,2
-78.88347947,-0.162755015,2
-78.88051831,-0.16475057,1
-78.87479836,-0.160379469,1
-78.86905843,-0.165486374,2
-78.81104755,-0.10935783,2
-78.80304384,-0.105967524,2
-78.79690695,-0.110237593,1
-78.79220772,-0.112276068,1
-78.79332352,-0.115473255,1
-78.77003972,-0.057406996,2
-78.77275412,-0.056419944,2
-78.76667087,-0.060325238,2
-78.77070491,-0.06058273,2
-78.77648593,-0.054232839,2
-78.7799346,-0.056581736,2
-78.78269659,-0.054903453,2
-78.78488528,-0.05649132,2
-78.76423501,-0.05002474,2
-78.76199805,-0.050545089,2
-78.76330697,-0.048619263,2
-78.76616621,-0.051709167,2
-78.75955724,-0.053854933,2
-78.76372003,-0.054369917,2
-78.76334266,-0.045012373,1
-78.75956611,-0.047136681,1
-78.76180843,-0.041364569,1
-78.76588539,-0.041321654,1
-78.7684174,-0.043081183,1
-78.76002745,-0.042802233,1
-78.76176978,0.289532867,2
-78.8061744,0.282684493,2
-78.77491058,0.28899297,2
-78.69486154,0.289142935,2
-78.69222224,0.287598002,2
-78.68344605,0.289636455,2
-78.68473057,0.283434499,2
-78.69517762,0.304338878,2
-78.6988898,0.306055467,1
-78.20530156,0.802992602,2
-78.21014027,0.80227384,2
-78.2121251,0.802166563,2
-78.20491533,0.800332111,2
-78.21567635,0.801426345,2
-78.21096436,0.798781516,2
-78.21717636,0.797065068,2
-78.21567432,0.795391532,2
-78.20431961,0.808730318,1
-78.21226968,0.805211609,1
-78.20986642,0.807239158,1
-78.1967861,0.799709467,1
-78.21446736,0.792925678,1
-78.20899565,0.791230683,2
-78.20454319,0.790200813,2
-78.20879181,0.794298837,2
-78.19431282,0.789649304,2
-78.19748636,0.79794022,1
-78.35328321,0.760474987,1
-78.35358362,0.756140917,1
-78.33036528,0.74874778,1
-78.34339454,0.74985088,1
-78.37676161,0.750157555,2
-78.34431761,0.740716978,2
-78.35277193,0.748398176,2
-78.71772341,0.486477182,1
-78.7171226,0.473173891,1
-78.72918181,0.472186872,1
-78.70819621,0.48448169,1
-78.70575003,0.479181832,1
-78.71590087,0.492567107,1
-78.70819757,0.491923401,1
-78.42707225,0.707008732,2
-78.46652928,0.721951449,2
-78.4221119,0.739373662,1
-78.4291071,0.742205838,1
-78.41356739,0.735301351,1
-78.70814866,0.47656002,1
-78.18019334,0.942861508,2
-78.18190995,0.932305747,2
-78.19083634,0.957879812,2
-78.17427102,0.950370668,2
-78.20670005,0.804874418,2
-78.19743034,0.802138834,2
-78.21739647,0.806546312,2
-78.21863028,0.807747823,2
-78.21605536,0.809721732,2
-78.21307024,0.804002533,1
-78.21408948,0.805043127,2
-78.21443281,0.805493694,2
-78.2121422,0.803793341,1
-78.21398756,0.802886843,2
-78.21425041,0.803809433,2
-78.2119759,0.802688379,2
-78.21096739,0.803525146,2
-78.21020028,0.803149674,2
-78.21562907,0.804994852,2
-78.21485659,0.80410981,2
-78.20351181,0.810605333,1
-78.20452032,0.810294228,1
-78.20144115,0.812160858,1
-78.20255695,0.811603015,1
-78.20602236,0.812665063,2
-78.20646224,0.810583878,2
-78.20739565,0.80995094,2
-78.20833979,0.809554012,2
-78.20705233,0.808052125,2
-78.20424137,0.811849753,2
-78.19762874,0.798799512,1
-78.19616962,0.799250079,1
-78.19957066,0.798595684,1
-78.20121217,0.794100736,2
-78.41887576,0.718941234,2
-78.41243846,0.710015537,2
-78.42054946,0.726021703,2
-78.42372519,0.699587897,2
-78.45239264,0.711259986,1
-78.61777096,0.686768096,1
-78.59549789,0.684450833,1
-78.57991962,0.684064623,1
-78.61961632,0.700757473,1
-78.60152662,0.694411943,1
-78.59049737,0.698874808,1
-78.5762924,0.690378195,1
-78.60804975,0.705440363,1
-78.59654844,0.704367561,1
-78.56852342,0.686860834,1
-78.54597141,0.685315993,1
-78.54013939,0.70121651,1
-78.52632065,0.702074753,1
-78.53026886,0.697354417,1
-78.517523,0.692848637,1
-78.72287786,0.470629231,1
-78.71436194,0.476139151,1
-78.59186458,0.607345032,1
-78.59014796,0.615026442,1
-78.59401034,0.647683036,1
-78.58963298,0.648927501,1
-78.58495521,0.640859927,1
-78.57903289,0.647210997,1
-78.58418088,0.646006511,1
-78.20508543,0.798202228,1
-78.48643858,0.738844799,1
-78.47339232,0.747341323,1
-78.58717214,0.562328927,1
-78.5739113,0.570868663,2
-78.57500564,0.567435605,1
-78.57090722,0.564131284,1
-78.67774587,0.741818732,1
-77.50639165,-0.035794654,1
-77.4981519,-0.03279058,1
-77.4942466,-0.034507194,1
-77.5099107,-0.03656713,1
-77.50785077,-0.025452057,2
-77.50965321,-0.02386419,2
-77.50519002,-0.018928925,2
-77.49686413,-0.024164854,2
-77.50491076,-0.032168565,1
-77.49070578,-0.025345026,1
-77.73507953,-0.153004455,1
-77.73703217,-0.153476522,2
-77.74042249,-0.154785435,2
-77.74349557,-0.158244373,2
-77.6335177,-0.227441821,1
-77.62901159,-0.230402957,1
-77.63158651,-0.234179476,2
-77.63876187,-0.23092189,1
-77.64139909,-0.236351353,2
-77.63961274,-0.237263297,2
-77.63138372,-0.22858374,1
-77.63395978,-0.247000312,1
-77.42520572,-0.237477853,1
-77.41586869,-0.231808586,1
-77.43321697,-0.225092093,1
-77.7917783,-0.362069289,1
-77.78838799,-0.363270895,2
-77.80096218,-0.358292814,2
-77.7990798,-0.361738791,2
-77.79030362,-0.366437927,1
-77.80245026,-0.365848531,2
-77.80244376,-0.366567094,2
-77.80333425,-0.367610452,2
-77.80364003,-0.366290832,2
-77.80701919,-0.382757643,1
-77.7872718,-0.380570434,1
-77.7907694,-0.382383568,2
-77.5712962,-0.470265763,1
-77.57448979,-0.658258737,2
-77.56861039,-0.656456411,1
-77.59620496,-0.662120862,2
-77.57534986,-0.635435114,1
-77.58062844,-0.63498453,1
-77.5690413,-0.646549492,2
-77.80752279,-0.708911702,2
-77.82086946,-0.722128597,1
-77.76943542,-0.710799832,1
-77.83010157,-0.668105953,1
-77.81902941,-0.668964202,2
-77.71663168,-0.772600973,2
-77.72173885,-0.781227954,2
-77.71328453,-0.776765171,1
-77.70944413,-0.744594142,1
-77.70890769,-0.74755505,1
-77.71558102,-0.740195688,2
-77.69426121,-0.738519237,1
-77.66153075,-0.707605569,2
-77.55099167,-0.620449639,1
-77.54433979,-0.623796838,1
-77.47090218,-0.506152328,1
-77.47759697,-0.51005747,1
-77.46864039,-0.488214521,1
-77.75007014,-0.740866378,2
-77.76060586,-0.738463319,2
-77.78474984,-0.731938511,2
-77.78168139,-0.732324718,2
-77.78583345,-0.728977593,2
-77.786688,-0.730350645,1
-77.7546411,-0.734521645,1
-77.7577471,-0.73517605,2
-77.75801532,-0.733529309,2
-77.75970634,-0.73054946,1
-77.75185445,-0.733993651,1
-77.73035331,-0.729392471,1
-77.72898002,-0.733200898,1
-77.72747798,-0.733394001,1
-77.73607593,-0.744442802,1
-77.73676257,-0.738542436,1
-77.7361403,-0.741417524,1
-77.72661459,-0.75249624,1
-77.72794497,-0.754738373,2
-77.72247326,-0.753869412,1
-77.73146699,-0.756455505,1
-77.73257936,-0.751594202,2
-77.72875989,-0.751562018,1
-77.65593465,-0.717949662,2
-77.57937769,-0.720281248,2
-77.57612887,-0.725425561,2
-77.57537517,-0.719908696,1
-77.57527861,-0.720434368,1
-77.5760028,-0.721609082,1
-77.57697788,-0.726896412,1
-77.57791665,-0.72595235,1
-77.58219145,-0.726086514,1
-77.57613059,-0.723390217,2
-77.57698621,-0.72297719,2
-77.58004275,-0.728813192,2
-77.84670525,-0.833960316,1
-77.85206967,-0.833338109,1
-77.84281894,-0.840112663,2
-77.84175142,-0.840799235,2
-77.84274387,-0.837441951,1
-77.84206258,-0.838825823,1
-77.84673499,-0.844726046,1
-77.84970688,-0.845391162,1
-77.84853207,-0.839265658,2
-77.84826385,-0.841024998,2
-77.93249785,-0.904173728,1
-77.92541682,-0.907220337,1
-77.99754449,-0.816018084,1
-77.99194404,-0.818249455,1
-77.98792164,-0.814129395,2
-77.98820059,-0.811704922,2
-77.85539881,-0.767251992,1
-77.84827487,-0.776177574,1
-77.84333114,-0.850278672,1
-77.84367447,-0.852724576,1
-77.84694676,-0.8497852,1
-77.84946804,-0.850203578,1
-77.84337942,-0.84153026,2
-77.84155552,-0.842050552,2
-77.84287517,-0.84290072,2
-77.85681222,-0.835846973,2
-77.86483444,-0.824296868,1
-77.8633324,-0.824280776,1
-77.86583507,-0.821213576,1
-77.86332956,-0.810041112,1
-78.0360202,-1.450224687,2
-78.0354623,-1.454986759,2
-78.03110639,-1.449195049,2
-78.05374596,-1.451812145,2
-78.06096145,-1.453108017,2
-78.06646534,-1.457591224,2
-78.06939058,-1.458732871,2
-78.0671535,-1.45644299,2
-78.06704621,-1.458255576,2
-78.07894603,-1.461159312,2
-78.07998672,-1.459925897,2
-78.08105961,-1.458735382,2
-78.07982579,-1.46171703,2
-78.05439364,-1.46872968,1
-78.05471551,-1.46343137,1
-78.04535996,-1.469394649,1
-78.07797563,-1.467249586,2
-78.0787481,-1.465726591,2
-78.06544435,-1.464825663,1
-78.12163075,-1.446936255,2
-78.11959227,-1.444576662,2
-78.13360413,-1.440694055,1
-78.12757539,-1.445810737,2
-78.12666881,-1.446379185,2
-78.12715697,-1.444647029,2
-78.13627111,-1.432049982,1
-78.13558447,-1.436340172,1
-78.10898036,-1.418882088,1
-78.11644763,-1.414913632,1
-78.12393635,-1.414141392,1
-78.1109059,-1.42336638,2
-78.11387779,-1.420792252,2
-78.11726456,-1.431405697,2
-78.11239367,-1.433389911,1
-78.13215619,-1.424959669,1
-78.12753206,-1.425849887,1
-78.12954908,-1.42653632,1
-78.11290747,-1.408294142,1
-78.214963,-1.406607438,2
-78.21335368,-1.408237729,2
-78.2063692,-1.408838362,2
-78.21401541,-1.404104911,1
-78.21807167,-1.401043078,2
-78.21690222,-1.402255074,2
-78.21371576,-1.395530099,2
-78.2122781,-1.395497922,2
-78.20768615,-1.396184363,2
-78.20843503,-1.395854557,2
-78.20826739,-1.396128061,2
-78.20860133,-1.395918911,2
-78.20831701,-1.395678925,2
-78.20595238,-1.39608919,1
-78.20738468,-1.394582236,1
-78.20295367,-1.396228624,2
-78.20580754,-1.394501794,2
-78.21584396,-1.395082486,1
-78.21128383,-1.402237085,1
-78.21034506,-1.40253204,1
-78.21231916,-1.401663264,1
-78.20784792,-1.402446235,2
-78.20920512,-1.401896546,2
-78.19276571,-1.403353382,2
-78.19479327,-1.402039526,1
-78.19729918,-1.399816538,2
-78.17553872,-1.404258011,1
-78.17326421,-1.407647302,1
-78.16852206,-1.406853608,1
-78.17090387,-1.408355192,1
-78.171848,-1.402520461,1
-78.16659411,-1.415481154,2
-78.16720565,-1.416864751,2
-78.2031412,-1.465268355,1
-78.20109199,-1.466962957,1
-78.20232581,-1.468582479,1
-78.19848336,-1.459331012,1
-78.19892324,-1.458344279,2
-78.19270052,-1.461454632,1
-78.20986642,-1.453618968,1
-78.21136846,-1.45145244,1
-78.21866405,-1.4481767,2
-78.21394336,-1.450847325,1
-78.20691597,-1.45791535,1
-78.20474875,-1.459738661,1
-78.21030628,-1.458751929,1
-78.20376169,-1.456521053,1
-78.21298636,-1.46821699,1
-78.21652688,-1.466887051,1
-78.19850244,-1.458253152,2
-78.19643836,-1.457520959,2
-78.19610882,-1.456344783,2
-78.19497693,-1.456934678,2
-78.19482136,-1.45699903,2
-78.21874559,-1.448656423,2
-78.21777186,-1.447862764,2
-78.2179918,-1.448506288,2
-78.20366853,-1.452383642,1
-78.10299729,-1.446262783,2
-78.10546492,-1.442583962,2
-78.10632322,-1.445629984,2
-78.09380267,-1.440996597,1
-78.09092734,-1.442905725,1
-78.10214971,-1.438658449,2
-78.11201964,-1.437103791,1
-78.08662295,-1.43138258,2
-78.08813572,-1.42937155,2
-78.10627343,-1.556268967,1
-78.09743287,-1.557641751,1
-78.10138108,-1.559507878,1
-78.12279145,-1.504226184,2
-78.12485139,-1.501308944,2
-78.11583798,-1.505829882,1
-78.11399262,-1.50670398,1
-78.1173883,-1.50503086,1
-78.1129357,-1.503427322,1
-78.11291424,-1.508854238,1
-78.11784951,-1.502762363,1
-78.11234571,-1.501285457,2
-78.11203876,-1.500888943,2
-78.11175042,-1.500690528,2
-78.16101592,-1.504209452,1
-78.12614032,-1.50734168,2
-78.12689133,-1.50734168,2
-78.12504597,-1.506403232,2
-78.12333209,-1.505862635,2
-78.12878774,-1.508812216,1
-78.12825666,-1.509621963,1
-78.12644885,-1.509439636,1
-78.12704431,-1.509525437,1
-78.12787043,-1.50775043,1
-78.1292759,-1.507653904,1
-78.12290274,-1.512244543,2
-78.12303148,-1.512694997,2
-78.12012082,-1.513654525,1
-78.11993843,-1.512769705,1
-78.1192196,-1.514582245,1
-78.12057144,-1.514496444,1
-78.12242752,-1.514442819,1
-78.11384715,-1.512782616,1
-78.11457671,-1.513726424,1
-78.11191596,-1.514123253,1
-78.13661637,-1.517295355,1
-78.1136012,-1.539395628,1
-78.11692714,-1.540757698,1
-78.11247468,-1.541808744,1
-78.11395526,-1.543878658,1
-78.12141717,-1.544184293,2
-78.12176854,-1.543717758,2
-78.12132597,-1.544508723,2
-78.12228889,-1.543320936,2
-78.12116236,-1.545337224,2
-78.12018031,-1.53819442,1
-78.118689,-1.536703649,1
-78.16283784,-1.548633706,1
-78.15979085,-1.54883748,1
-78.16120705,-1.550285343,1
-78.16406092,-1.550435492,1
-78.1649836,-1.548537182,1
-78.15180738,-1.546458067,1
-78.14909299,-1.54750911,1
-78.14967234,-1.543766108,1
-78.13482374,-1.547863038,1
-78.13209862,-1.549589749,1
-78.1377849,-1.544978032,1
-78.15778571,-1.51989316,1
-78.15421301,-1.520450863,1
-78.15602619,-1.521941646,1
-78.15794665,-1.52301415,1
-78.09256232,-1.862699805,2
-78.10131705,-1.866217,2
-78.11204589,-1.869219478,2
-78.21349335,-1.557569727,1
-78.20147706,-1.559242806,1
-78.20493174,-1.557119282,1
-78.21119738,-1.560229493,1
-78.2164116,-1.560122245,1
-78.18941785,-1.560712112,1
-78.1899572,-1.559148648,2
-78.19165772,-1.557976956,1
-78.19174356,-1.559542787,1
-78.186068,-1.559564236,1
-78.17332892,-1.559264957,1
-78.17985636,-1.556068317,1
-78.17847234,-1.556674273,1
-78.18036062,-1.55693167,1
-78.17379993,-1.557870096,1
-78.17349953,-1.556089767,1
-78.17243737,-1.558256192,1
-78.17663235,-1.559382303,1
-78.13873746,-1.55813755,1
-78.14602981,-1.556550435,1
-78.08487308,-1.556037795,1
-78.08448685,-1.559094383,1
-78.08498389,-1.567143005,1
-78.08676488,-1.566478066,1
-78.08466248,-1.579795065,1
-78.0866795,-1.577703737,1
-78.09157751,-1.685126702,1
-78.09247873,-1.682338409,1
-78.09466741,-1.679378524,1
-78.1049671,-1.685641463,1
-78.11063192,-1.682081028,1
-78.0929508,-1.673759021,1
-78.09109591,-1.674533143,2
-78.09564493,-1.670200539,2
-78.10038218,-1.640574506,1
-78.0967773,-1.643234165,1
-78.09121976,-1.645121663,1
-78.15704138,-1.631593524,1
-78.14154894,-1.624729842,1
-78.15549643,-1.622113056,1
-78.15717013,-1.638371388,1
-78.14914496,-1.636012008,1
-78.15815718,-1.623743185,1
-78.13348086,-1.614991952,1
-78.14223559,-1.654972768,1
-78.15135749,-1.557976538,1
-78.15255912,-1.556099685,1
-78.15480145,-1.556560855,1
-78.15409334,-1.559907014,1
-78.14163716,-1.551294933,1
-78.14273151,-1.551981327,1
-78.14441593,-1.551327108,1
-78.14158352,-1.553954708,1
-78.12194831,-1.549964125,2
-78.12016732,-1.551041979,1
-78.12523133,-1.550677332,1
-78.12529571,-1.549454692,1
-78.12342889,-1.551899971,1
-78.1196738,-1.548156977,1
-78.12720544,-1.546719837,1
-78.12463052,-1.544231653,1
-78.12916613,-1.722502323,1
-78.11719275,-1.72040042,1
-78.1338439,-1.718384307,1
-78.12603331,-1.723531826,1
-78.12551833,-1.725633725,1
-78.11723566,-1.715896335,1
-78.12976695,-1.714094698,1
-78.13308576,-1.751628413,1
-78.14089635,-1.751971575,1
-78.1589208,-1.751799994,1
-78.15613958,-1.748601267,1
-78.15553877,-1.744376069,1
-78.15369341,-1.752290264,1
-78.1210947,-1.740618213,1
-78.11847686,-1.74465039,1
-78.12343335,-1.764617201,1
-78.12081551,-1.760627962,1
-78.11948514,-1.756252658,1
-78.11240411,-1.765303521,1
-78.12180257,-1.76090678,1
-78.11598754,-1.763823643,1
-78.08922959,-2.024562686,2
-78.08862878,-2.026364004,2
-78.09375716,-2.025849342,1
-78.09845639,-2.027243218,1
-78.09822036,-2.029923746,1
-78.08931626,-2.021583134,2
-78.09191264,-2.023298678,2
-78.13666726,-2.091293013,1
-78.12100316,-2.09549591,2
-78.12366392,-2.09562457,2
-78.11722661,-2.093780443,2
-78.13701059,-2.093437349,1
-78.13941385,-2.088205163,1
-78.13855554,-2.09026373,1
-78.11699099,-2.049377021,1
-78.1128282,-2.046846634,1
-78.13746161,-2.043630033,1
-78.12016673,-2.043458481,2
-78.13372798,-2.057311262,2
-78.16668696,-2.208697418,2
-78.16893418,-2.209654312,2
-78.16902001,-2.210908652,2
-78.17182023,-2.20827132,2
-78.16420276,-2.21164839,2
-78.16900952,-2.204390631,1
-78.16801174,-2.205001722,1
-78.16941721,-2.202932588,1
-78.17296846,-2.203865307,2
-78.16391332,-2.206717064,2
-78.17426665,-2.207242387,2
-78.19012387,-2.20912926,1
-78.18930848,-2.21063018,1
-78.18497403,-2.208786192,1
-78.18948014,-2.205527046,1
-78.18780644,-2.211959565,1
-78.17754967,-2.208678983,2
-78.17583306,-2.212581373,2
-78.17877276,-2.212602815,2
-78.17293627,-2.217727366,2
-78.17126257,-2.217941782,2
-78.1640528,-2.213782107,2
-78.15701468,-2.215368788,2
-78.15626801,-2.200564609,1
-78.15416516,-2.201690305,1
-78.15634311,-2.199513958,1
-78.16251219,-2.201132817,2
-78.1604308,-2.198870702,1
-78.15856398,-2.198988632,1
-78.1613642,-2.203298442,2
-78.15175801,-2.208655232,2
-78.15658599,-2.207325844,2
-78.15089971,-2.208440815,2
-78.15616756,-2.209673714,2
-78.14677983,-2.206167989,1
-78.14568549,-2.206103664,1
-78.13391311,-2.208570482,1
-78.14054353,-2.204560873,2
-78.14539296,-2.211765297,2
-78.12962158,-2.210693212,2
-78.13938482,-2.201902088,2
-78.13505037,-2.208248856,1
-78.13412769,-2.206319099,1
-78.12764747,-2.204968267,2
-78.12623126,-2.204625198,2
-78.11949355,-2.20940671,2
-78.12151058,-2.21129358,2
-78.12998636,-2.209642568,2
-78.12648876,-2.203252923,2
-78.1243859,-2.197227762,2
-78.11844213,-2.199972323,1
-78.12957866,-2.193025145,2
-78.13464267,-2.195105013,1
-78.13477142,-2.196305761,1
-78.13429935,-2.193389658,1
-78.11475632,-2.181341638,1
-78.1163871,-2.182756818,1
-78.11256763,-2.184407859,1
-78.11432716,-2.175337832,2
-78.12314627,-2.178382623,2
-78.14130438,-2.166953264,1
-78.14633288,-2.169401215,1
-78.10848921,-2.157210006,2
-78.13948427,-2.082782838,2
-78.11520775,-2.112462115,2
-78.11430653,-2.10667247,1
-78.11705311,-2.119495433,2
-78.10991697,-2.008515548,2
-78.10854368,-2.009287549,2
-78.1013332,-2.014243037,2
-78.16083496,-2.044546878,1
-78.16195076,-2.048020804,1
-78.15517757,-2.05045491,1
-78.15710876,-2.047238316,1
-78.1086752,-2.031246251,2
-78.10760232,-2.032189795,2
-78.20039285,-2.068551587,1
-78.18944944,-2.074298485,1
-78.18528665,-2.078329879,1
-78.19395555,-2.068808911,1
-78.19047941,-2.07468447,1
-78.16564814,-2.110490596,2
-78.12502825,-2.093999942,2
-78.12432015,-2.091276635,2
-78.11923561,-2.10124967,2
-78.11275539,-2.102986571,1
-78.12189636,-2.100156064,1
-78.11181125,-2.104766358,1
-78.14629691,-2.173446952,2
-78.13670533,-2.178635964,2
-78.15331356,-2.177885488,1
-78.15453665,-2.179107692,1
-78.16221812,-2.182382907,1
-78.12703327,-2.172880818,2
-78.11727615,-2.188934093,1
-78.15569111,-2.169817201,1
-78.15423199,-2.173162194,2
-78.18080616,-2.15244011,2
-78.17537737,-2.156599956,1
-78.17977619,-2.15380171,2
-78.18534446,-2.142705169,1
-78.18535519,-2.143766581,1
-78.1900866,-2.143820188,1
-77.88196713,-2.158628696,2
-77.8803578,-2.158285617,2
-77.87834078,-2.158950332,2
-77.87915618,-2.15875735,2
-77.87776143,-2.161158902,2
-77.88170964,-2.160730054,2
-77.8748861,-2.158693023,2
-77.88791091,-2.163496123,1
-77.88735301,-2.161930829,1
-77.8876105,-2.160301206,1
-77.88655907,-2.159271969,1
-77.88628012,-2.163860643,1
-77.88911028,-2.164298051,1
-77.86276776,-2.203561786,1
-77.86183971,-2.204339051,1
-77.86338466,-2.202516497,1
-77.86293942,-2.202205591,1
-77.86315399,-2.20172851,1
-77.85752672,-2.205062711,2
-77.85688672,-2.200396666,2
-77.85699937,-2.200016073,2
-77.85588894,-2.199603317,2
-77.85681162,-2.201200735,2
-77.85711739,-2.201763583,1
-77.85408113,-2.201506281,1
-77.84897957,-2.200761177,1
-77.84623299,-2.200632526,1
-77.86490116,-2.194928984,1
-77.86631737,-2.197287594,1
-77.8572518,-2.195028511,2
-77.85802964,-2.194709562,2
-77.85729472,-2.194479062,2
-77.85079959,-2.198152426,1
-77.84676554,-2.198452612,1
-77.84880402,-2.197337634,1
-77.84537079,-2.199160194,1
-77.83823219,-2.206011959,1
-77.8380498,-2.203835618,1
-77.83472386,-2.206719537,1
-77.83865062,-2.207555766,1
-77.84031359,-2.205786821,1
-77.8352603,-2.204360942,1
-77.83250299,-2.206355027,1
-77.822158,-2.204037524,1
-77.82099928,-2.2056671,1
-77.82444324,-2.206160261,1
-77.8243896,-2.20398392,1
-77.82359566,-2.20748965,1
-77.77218136,-2.207998858,1
-77.77216527,-2.206883887,1
-77.7704862,-2.207843405,1
-77.7720848,-2.209499779,1
-77.77526028,-2.211725227,1
-77.78715844,-2.216746032,1
-77.78384323,-2.217078377,1
-77.79272481,-2.213090054,1
-77.9214534,-2.191601513,2
-77.8170564,-2.274028842,2
-77.81535052,-2.270812722,2
-77.81581722,-2.271740037,1
-77.81807564,-2.271756118,2
-77.81679906,-2.281603872,2
-77.81738379,-2.282649104,1
-77.81597294,-2.280172707,1
-77.81960252,-2.279075589,2
-77.82212653,-2.275808646,1
-77.82086053,-2.276430428,1
-77.82239475,-2.277620388,1
-77.82562615,-2.2754471,1
-77.81794431,-2.275661507,1
-77.82088908,-2.270891426,2
-77.97779787,-2.349009116,2
-77.9727124,-2.348044331,2
-77.97157514,-2.3487304,2
-77.96968687,-2.351474672,2
-77.97880638,-2.349223512,2
-77.97796953,-2.344163748,2
-77.97627437,-2.344206628,2
-77.97317374,-2.34405655,2
-77.98437817,-2.347582862,2
-77.98495752,-2.347765099,2
-77.98010809,-2.347636461,2
-77.97770483,-2.347818698,2
-77.98128826,-2.34425971,1
-77.99046142,-2.342866128,1
-77.99052579,-2.344774263,1
-77.987629,-2.345974887,1
-77.99222094,-2.346339361,1
-77.99340112,-2.342930448,1
-77.96872437,-2.351527835,2
-77.96707213,-2.351602874,2
-77.96671807,-2.350981125,2
-77.96855271,-2.350348657,2
-77.96494782,-2.351763671,2
-77.96529114,-2.350691691,2
-77.9694432,-2.350498734,2
-77.97040879,-2.349448192,2
-77.97026932,-2.351549275,2
-77.96770513,-2.350852488,2
-77.9706341,-2.345524734,2
-77.97261893,-2.34579273,2
-77.96661079,-2.345857049,1
-77.96606362,-2.34710055,1
-77.96355307,-2.347507904,1
-77.96792507,-2.347529344,1
-77.96997428,-2.347593663,1
-77.96504438,-2.347818779,1
-77.96567638,-2.34179005,1
-77.96647031,-2.340353586,1
-77.96478589,-2.339110078,1
-77.96340187,-2.341221896,1
-77.96560128,-2.335797626,1
-77.96701748,-2.33524019,1
-77.96254283,-2.325990538,1
-77.95960313,-2.330878848,1
-77.96393758,-2.328734854,1
-77.9688943,-2.330621569,1
-77.97337896,-2.328970694,1
-77.97292834,-2.333944753,1
-77.96408778,-2.33263692,1
-77.9698599,-2.325626058,1
-77.96501046,-2.326547978,1
-77.97425872,-2.327469897,1
-77.88969025,-2.343447089,1
-77.88963661,-2.344401156,1
-77.88785562,-2.344969309,1
-77.88816676,-2.343565007,1
-77.88904652,-2.341646151,1
-77.89113864,-2.3425895,1
-77.89157853,-2.344808511,1
-77.8853558,-2.344937149,1
-77.89372521,-2.343756893,1
-77.89121466,-2.346008061,1
-77.88441956,-2.351209777,2
-77.88414598,-2.35156889,2
-77.87996458,-2.4141589,2
-77.87902581,-2.413306714,1
-77.88132714,-2.41304409,1
-77.8812574,-2.414802058,1
-77.87786709,-2.414678786,1
-77.87868785,-2.414989646,1
-77.88466344,-2.410323034,1
-77.88425574,-2.415446871,1
-77.87030825,-2.413688904,1
-77.86230852,-2.434124626,1
-77.85881092,-2.435518116,1
-77.86192228,-2.431401958,1
-77.85754492,-2.437661943,1
-77.86166479,-2.436611468,1
-77.86533405,-2.433031272,1
-77.86059191,-2.431937917,1
-77.86200812,-2.441971025,1
-77.85853197,-2.440770486,1
-77.85956194,-2.43806927,1
-77.85565664,-2.437983517,1
-77.86278059,-2.442914305,1
-77.85077456,-2.48164189,2
-77.85035614,-2.480870138,2
-77.85000209,-2.482981736,2
-77.84553889,-2.48269233,1
-77.84675125,-2.483667737,1
-77.85321001,-2.480859419,1
-77.85063509,-2.481180983,2
-77.84809772,-2.48208136,2
-77.84809772,-2.481802672,2
-77.84830693,-2.481213139,2
-77.84675125,-2.482638736,1
-77.85448674,-2.477332936,1
-77.85289887,-2.477901033,1
-77.85442237,-2.479283758,1
-77.85425071,-2.480119823,1
-77.85261992,-2.475650082,1
-77.85579566,-2.475242767,1
-77.85518412,-2.474031539,1
-77.8593469,-2.475532175,1
-77.86082748,-2.472573776,1
-77.86018375,-2.478962194,1
-77.84702498,-2.47765423,2
-77.86432781,-2.465001464,1
-77.86608734,-2.465301594,1
-77.86226787,-2.465976885,1
-77.86341585,-2.466963023,1
-77.86571183,-2.467295309,1
-77.86698856,-2.467788378,1
-77.86734261,-2.464422643,1
-77.86429562,-2.465858977,1
-77.86146321,-2.467616875,1
-77.85349353,-2.466428463,1
-77.85282834,-2.467864794,1
-77.85102589,-2.467693292,1
-77.85205586,-2.465549513,1
-77.84905179,-2.464906378,1
-77.85031779,-2.46915106,1
-77.85072549,-2.469944256,1
-77.8549741,-2.46857224,1
-77.85115464,-2.463662984,1
-77.84576876,-2.469729879,1
-77.85727008,-2.467178785,1
-77.85037803,-2.48342117,2
-77.85015809,-2.483088889,2
-77.95148843,-2.560255131,2
-77.95171373,-2.560576674,2
-77.95040482,-2.560726728,2
-77.95264714,-2.560415902,2
-77.95205706,-2.557414824,1
-77.95052283,-2.557522005,1
-77.95079105,-2.558647411,1
-77.95364492,-2.556643117,1
-77.95100563,-2.555989309,1
-77.95241111,-2.556000027,1
-77.9545676,-2.557522005,1
-77.95621984,-2.55813294,1
-77.9710937,-2.541820535,1
-77.97072892,-2.542699434,1
-77.96596532,-2.54439292,1
-77.9629827,-2.543878443,1
-77.96152358,-2.54432861,1
-77.95858388,-2.545164634,1
-77.96000009,-2.545636237,1
-77.97439819,-2.542978109,1
-77.96731715,-2.539205272,1
-77.95691018,-2.542613688,1
-77.95735966,-2.551434742,1
-77.95365822,-2.551456178,1
-77.95403373,-2.550105684,1
-77.95395862,-2.547919168,1
-77.90940281,-2.354591549,1
-77.91193481,-2.34978908,1
-77.90528294,-2.359351122,1
-77.90974613,-2.368227039,1
-77.91631218,-2.35639247,1
-77.92116931,-2.239614887,1
-77.91005424,-2.241330188,1
-77.90061286,-2.242273603,1
-77.88208204,-2.16259954,2
-77.87600952,-2.162235019,2
-77.87459331,-2.162578098,2
-77.87394958,-2.1631356,2
-77.87422853,-2.164379257,2
-77.88257557,-2.16331786,2
-77.87978607,-2.164282767,2
-77.87817674,-2.160144384,2
-77.87088113,-2.162095644,2
-77.86875682,-2.162653146,2
-77.87015157,-2.163124878,2
-77.86858516,-2.163961131,2
-77.88094478,-2.158621972,2
-77.87658887,-2.154419247,1
-77.87861662,-2.149819822,1
-77.8770824,-2.149487462,1
-77.87407833,-2.149101496,1
-77.87381011,-2.150291559,1
-77.872469,-2.15139585,1
-77.87520486,-2.150666804,1
-77.87524777,-2.148565432,1
-77.87955003,-2.148844185,1
-77.87075239,-2.149766216,1
-77.86919671,-2.150902672,1
-77.87238317,-2.14616386,1
-77.87122982,-2.140749589,2
-77.87092941,-2.140701343,2
-77.86949175,-2.141526886,1
-77.96278047,-2.545616008,1
-77.97478582,-2.539320435,1
-77.97421719,-2.540681659,1
-77.95151428,-2.560356439,2
-77.95024291,-2.560801241,2
-78.12798414,-2.645585787,2
-78.12667522,-2.645542918,2
-78.12547359,-2.646936179,2
-78.12628899,-2.641341689,1
-78.12575254,-2.638447978,1
-78.12540922,-2.636304483,1
-78.12852058,-2.638447978,1
-78.13564518,-2.647501907,2
-78.13590268,-2.647909168,2
-78.13622454,-2.646848147,2
-78.13300589,-2.649945469,2
-78.10402328,-2.651344246,2
-78.10295039,-2.651505006,2
-78.10554677,-2.649918837,2
-78.09914165,-2.653123325,1
-78.09840137,-2.654109319,1
-78.09962445,-2.653991429,1
-78.10003215,-2.652753577,1
-78.1034171,-2.652753577,2
-78.10098165,-2.6515318,1
-78.09897536,-2.65366455,1
-78.09998387,-2.653643116,1
-78.09931868,-2.652571382,1
-78.09974003,-2.659603787,1
-78.09715438,-2.659818132,1
-78.09893536,-2.66276538,1
-78.10178923,-2.662486731,1
-78.10299086,-2.659239399,1
-78.10038376,-2.661104205,1
-78.09383917,-2.661243529,1
-78.11583913,-2.644358359,1
-78.11275995,-2.645762339,1
-78.11269558,-2.646887665,1
-78.11642922,-2.646759057,1
-78.11706222,-2.637649241,1
-78.28839175,-2.610998038,2
-78.28817717,-2.612219855,2
-78.28822009,-2.61432052,2
-78.28856341,-2.606325113,2
-78.28888528,-2.60874732,2
-78.28871361,-2.609819091,2
-78.28371398,-2.602531028,2
-78.28495852,-2.602230931,2
-78.28418605,-2.600280295,2
-78.28191153,-2.599765841,2
-78.28093441,-2.610740547,1
-78.2763532,-2.611319302,1
-78.279368,-2.608521981,1
-78.28281196,-2.609207915,1
-78.27760847,-2.611715857,1
-78.27886375,-2.598543745,2
-78.28381943,-2.593752989,1
-78.27332627,-2.600528017,2
-78.26826153,-2.573614889,2
-78.26244651,-2.576594494,2
-78.25779019,-2.574750998,2
-78.26287566,-2.569391985,2
-78.2628542,-2.57762342,2
-78.26667367,-2.573722069,2
-78.265236,-2.577237573,2
-78.26602994,-2.574986794,2
-78.26191006,-2.574750998,2
-78.26716719,-2.569370549,2
-78.27243505,-2.569917169,1
-78.27131389,-2.568957904,1
-78.27142286,-2.566018404,1
-78.25720668,-2.584523201,2
-78.26229215,-2.584008741,2
-78.25540424,-2.589732101,2
-78.27853642,-2.498221183,2
-78.27847205,-2.498735678,2
-78.27911578,-2.499335921,2
-78.28366481,-2.495370022,2
-78.27433072,-2.497449441,1
-78.27439509,-2.498992925,1
-78.45613195,-3.009283287,1
-78.45749451,-3.008104742,1
-78.45686151,-3.01014041,1
-78.45310642,-3.007001194,1
-78.45357848,-3.006208353,1
-78.45317615,-3.00897258,2
-78.45152391,-3.009626136,2
-78.45281137,-3.009577923,2
-78.4540291,-3.007761892,2
-78.45875515,-3.008136884,2
-78.46016062,-3.00709762,2
-78.457698,-3.009025816,1
-78.45723629,-3.001211098,1
-78.45728994,-3.001832517,1
-78.45895827,-3.000841461,2
-78.45698152,-2.999483588,1
-78.45450316,-2.999338947,2
-78.45301185,-2.993467583,2
-78.4514669,-2.99658541,2
-78.44653163,-2.993156871,1
-78.445963,-2.993371155,1
-78.44273636,-2.996753794,1
-78.12658622,-3.002771501,1
-78.12504127,-3.000928674,1
-78.1228204,-3.003778627,1
-78.12480523,-3.00397148,1
-78.13006113,-2.997340266,1
-78.12873076,-2.997415265,1
-78.12943886,-2.994822435,1
-78.13102673,-2.994918863,1
-78.13872966,-2.977915799,1
-78.13543591,-2.979394378,1
-78.14088616,-2.981301528,1
-78.18285906,-2.907085021,1
-78.18697894,-2.90687072,1
-78.17324603,-2.902713281,1
-78.18680728,-2.89401261,1
-78.17873919,-2.898298663,1
-78.17213023,-2.888312134,1
-78.11373522,-2.906788909,1
-78.1163316,-2.902288586,1
-78.12487175,-2.900788475,1
-78.12600901,-2.90278148,1
-78.1279402,-2.904453029,1
-78.11667492,-2.908010422,1
-78.12698724,-2.886441853,1
-78.13651445,-2.886248979,1
-78.11746004,-2.892078047,1
-78.11840418,-2.88582037,1
-78.11776045,-2.879219769,1
-78.13119295,-2.894692546,1
-78.10810449,-2.895249734,1
-78.0624145,-2.882846925,1
-78.06677041,-2.881593239,1
-78.07163057,-2.880114531,1
-78.06192097,-2.874746161,1
-78.06960282,-2.873546043,1
-78.07762799,-2.873503182,1
-78.09923743,-2.874668551,1
-78.09447383,-2.87664017,1
-78.09299325,-2.874582828,1
-78.29842202,-3.016255483,2
-78.27824421,-3.011928374,1
-78.28609695,-2.998535548,1
-78.27751388,-3.001256938,1
-78.37842185,-3.001635154,1
-78.37340075,-2.998935194,1
-78.15105353,-3.169083815,1
-78.14980898,-3.163641887,1
-78.15478716,-3.174697113,1
-78.15212641,-3.173068831,1
-78.15774832,-3.160985187,1
-78.15714751,-3.164713135,1
-78.14525964,-3.167832338,2
-78.21043963,-3.305250299,2
-78.20895905,-3.308377903,2
-78.21457607,-3.290686733,1
-78.20839626,-3.291800691,1
-78.20320351,-3.292229136,1
-78.20277435,-3.299598366,1
-78.21303112,-3.298955703,1
-78.64781296,-3.31993429,2
-78.64480888,-3.321969345,2
-78.64435827,-3.31517867,2
-78.64426171,-3.314428908,2
-78.64376819,-3.315275067,2
-78.64780223,-3.31517867,2
-78.64653623,-3.316635348,2
-78.64018476,-3.314610993,2
-78.63823211,-3.316688903,2
-78.64599978,-3.330816433,1
-78.64176189,-3.331791107,1
-78.6459676,-3.332262378,1
-78.62811475,-3.334374071,1
-78.62986355,-3.334588284,1
-78.63139778,-3.333420821,1
-78.62898379,-3.33216767,2
-78.62915545,-3.330860964,2
-78.62080858,-3.340692987,2
-78.62242864,-3.342599473,2
-78.6159055,-3.34236384,2
-78.61432836,-3.343167134,2
-78.61822293,-3.34422748,2
-78.61247228,-3.346016143,1
-78.61431764,-3.346690907,1
-78.60992954,-3.345855485,1
-78.60562728,-3.354488149,1
-78.60784815,-3.356823025,2
-78.60967205,-3.356887287,2
-78.60252664,-3.356019742,2
-78.59462179,-3.348573937,1
-78.59145678,-3.348627489,1
-78.59303392,-3.349130883,1
-78.59331287,-3.350512538,1
-78.58991183,-3.350791011,1
-78.59532989,-3.346388988,1
-78.58987964,-3.346485383,1
-78.59883272,-3.355491883,2
-78.60039913,-3.354736797,2
-78.59607005,-3.3554062,1
-78.59976077,-3.348010611,1
-78.59988951,-3.344925975,1
-78.60024604,-3.341699616,1
-78.60342178,-3.339193334,1
-78.6064044,-3.338422169,1
-78.60197848,-3.336859739,2
-78.59999364,-3.337529154,2
-78.60306209,-3.336993622,2
-78.59924799,-3.337866539,2
-78.23934545,-3.377901524,2
-78.23604097,-3.37338181,1
-78.23468914,-3.377023287,1
-78.22850933,-3.377344593,1
-78.23355188,-3.371968057,1
-78.23127737,-3.377216071,1
-78.2400321,-3.368669291,2
-78.24320783,-3.3669128,1
-78.24421635,-3.371389703,1
-78.22902431,-3.372289365,1
-78.23081835,-3.367387681,1
-78.23774863,-3.388361513,2
-78.23620368,-3.384505877,2
-78.23965837,-3.388918437,2
-78.18478865,-3.462910609,1
-78.23314392,-3.515266494,1
-78.22168552,-3.511411372,1
-78.20451938,-3.514109959,1
-78.20760929,-3.514538306,1
-78.20966922,-3.512482241,1
-78.24226343,-3.520021122,1
-78.24086868,-3.514988069,1
-78.2349249,-3.520642221,1
-78.2109996,-3.517172632,1
-78.6985753,-3.533396877,2
-78.70273809,-3.535367228,2
-78.69533519,-3.534232135,2
-78.69808177,-3.535238727,2
-78.6992834,-3.529134908,1
-78.70269517,-3.528064058,1
-78.70308141,-3.529584664,1
-78.79622207,-3.753077992,2
-78.79493461,-3.754041516,2
-78.79763828,-3.750487178,2
-78.80270229,-3.752606935,1
-78.80323873,-3.754212809,1
-78.80469786,-3.757638662,1
-78.8059424,-3.758709239,1
-78.80707966,-3.758623593,1
-78.80717622,-3.755037156,2
-78.80821873,-3.755361499,2
-78.80728264,-3.755829877,2
-78.79128594,-3.757896093,2
-78.79035414,-3.757836902,2
-78.78925443,-3.758179486,2
-78.79742988,-3.758602469,1
-78.79645356,-3.75990857,1
-78.79780539,-3.761300316,1
-78.80217203,-3.757585421,1
-78.80133518,-3.758281296,1
-78.80462787,-3.736859033,2
-78.80439183,-3.737843987,2
-78.80939147,-3.744760044,2
-78.79243991,-3.741120021,1
-78.79217169,-3.739546242,1
-78.79004738,-3.739428476,1
-78.79043362,-3.741045079,1
-78.78904692,-3.740309043,2
-78.78888062,-3.740726576,2
-78.78852657,-3.74040272,2
-78.71191388,-3.702121828,2
-78.71832973,-3.702571499,2
-78.71959573,-3.701072596,2
-78.72002488,-3.704305941,2
-78.72648757,-3.689674419,1
-78.7291805,-3.690134803,1
-78.7278394,-3.685873569,2
-78.73011052,-3.684072883,2
-78.7292093,-3.685207789,2
-78.72805059,-3.683045043,2
-78.70777724,-3.691919882,2
-78.70940803,-3.69348304,2
-78.71297,-3.695367391,2
-78.71453641,-3.69543163,2
-78.70848535,-3.698579344,2
-78.70511649,-3.696909129,2
-78.71643541,-3.68745523,1
-78.71349571,-3.68764795,1
-78.45363192,-3.784456775,2
-78.46311621,-3.776834467,1
-78.46451096,-3.781758999,1
-78.46444659,-3.787154542,2
-78.43809657,-3.769426205,1
-78.48500337,-3.765935856,1
-78.48204221,-3.770475048,1
-78.32239678,-3.44673654,1
-78.30720475,-3.452305427,1
-78.30535939,-3.445451408,1
-78.30166867,-3.458259816,1
-78.30338528,-3.464085657,1
-78.32245675,-3.453668987,2
-78.32116923,-3.46246622,1
-78.23105168,-3.513062417,1
-78.24096512,-3.508307753,1
-78.24259591,-3.499997742,1
-78.23525738,-3.498584176,1
-78.2204945,-3.509978313,1
-78.23916268,-3.518416739,1
-78.23156666,-3.497406203,2
-78.2286055,-3.501004371,1
-78.22027993,-3.499804983,1
-78.31347087,-3.513058345,1
-78.3244572,-3.510274086,1
-78.32274059,-3.504448531,1
-78.32497218,-3.51494307,1
-78.30398658,-3.516613619,1
-78.29900087,-3.582368503,2
-78.29470934,-3.592262523,1
-78.27423872,-3.593847269,1
-78.2987863,-3.595688998,1
-78.2769853,-3.587551098,1
-78.27597679,-3.600657365,2
-78.28531088,-3.596738354,1
-78.27919544,-3.591919875,1
-78.24323549,-3.612563263,1
-78.24353589,-3.615647022,1
-78.23115482,-3.616353716,1
-78.23194875,-3.609265341,1
-78.23870792,-3.606417127,1
-78.23686256,-3.625904731,1
-78.24093951,-3.622992324,1
-78.21995391,-3.621921584,1
-78.22128429,-3.606160145,1
-78.24117555,-3.617809931,2
-78.36596151,-3.905128487,1
-78.3614554,-3.912706832,1
-78.37583204,-3.898406395,1
-78.37484499,-3.913349062,1
-78.35600515,-3.905770722,1
-78.70894051,-4.660005835,1
-78.71357536,-4.651622183,1
-78.72610665,-4.659193138,1
-78.71889687,-4.665095861,2
-78.72606373,-4.651622183,1
-78.72112847,-4.648627997,1
-78.70803929,-4.65333314,1
-78.73048401,-4.663085519,1
-77.60468465,-0.128601676,2
-77.61240942,-0.129910591,2
-77.60346157,-0.130511404,2
-77.61773871,-0.10622465,2
-77.60647343,-0.108649362,2
-77.60422974,-0.155798427,2
-77.6024273,-0.159489132,2
-77.59689122,-0.159832454,2
-77.59480983,-0.16199967,2
-77.58541137,-0.163673362,2
-77.60458394,-0.163704187,1
-77.60470195,-0.161354582,1
-77.58517631,-0.163606463,2
-77.58705245,-0.16474663,1
-77.58788394,-0.164279928,1
-77.58821653,-0.163212413,1
-77.59055542,-0.163212413,1
-77.59070562,-0.162048339,1
-77.59051843,-0.16587884,1
-77.59905838,-0.166470582,1
-77.59938025,-0.164485755,1
-77.60082864,-0.165730295,1
-77.59572171,-0.165032924,1
-77.59347939,-0.166556412,1
-77.59212755,-0.165022195,1
-77.58872075,-0.173800599,1
-77.59277625,-0.173564565,1
-77.58904262,-0.16935888,1
-77.58142515,-0.174101005,1
-77.60742168,-0.177272806,1
-77.60486892,-0.177198568,1
-77.60155371,-0.176994721,1
-77.60774425,-0.175288844,1
-77.60555557,-0.174688032,1
-77.60201505,-0.1759433,1
-77.61383686,-0.172232108,1
-77.6181284,-0.172790005,1
-77.61744175,-0.167811847,1
-77.61639177,-0.175398881,1
-77.61372029,-0.175667101,1
-77.61093079,-0.176879454,1
-77.62125193,-0.1706353,1
-77.62105881,-0.176300099,1
-77.60294631,-0.157903611,2
-77.59904426,-0.154067485,2
-77.60127585,-0.153380842,2
-77.58962012,-0.156656313,2
-77.58148925,-0.16122573,2
-77.57594679,-0.170238526,2
-77.57438038,-0.170045407,2
-77.57077549,-0.168929613,2
-77.57341791,-0.171113022,2
-77.57507015,-0.168849248,2
-77.57533256,-0.165444482,1
-77.57700626,-0.164264315,1
-77.57752124,-0.165508855,1
-77.58685077,-0.17964714,1
-77.58878196,-0.181020424,1
-77.58204425,-0.181449575,1
-77.58225883,-0.176814741,1
-77.57955516,-0.180891678,1
-77.56729424,-0.287278151,1
-77.56484807,-0.285153868,1
-77.56513774,-0.280669269,1
-77.56416142,-0.279553484,1
-77.56564213,-0.288944307,1
-77.56541683,-0.286465978,1
-77.56793944,-0.303067988,1
-77.56576149,-0.3028856,1
-77.56378738,-0.303046531,1
-77.5696346,-0.30313236,1
-77.56843297,-0.300879336,1
-77.56937897,-0.30032374,1
-77.5672485,-0.275640777,1
-77.56672815,-0.275812437,1
-77.56509243,-0.270262614,1
-77.57011353,-0.270766864,1
-77.47993825,-0.048994969,2
-77.47968076,-0.051956127,2
-77.47101186,-0.039381935,2
-77.50055753,-0.05257299,1
-77.50120126,-0.046951082,1
-77.50712358,-0.046822336,1
-77.50935518,-0.046135691,1
-77.50748836,-0.049933698,1
-77.50227415,-0.051113869,1
-77.50395968,-0.04312494,1
-77.50165298,-0.043618467,1
-77.49861672,-0.045388724,1
-77.49698594,-0.047126795,1
-77.51020386,-0.042921092,1
-77.51616595,-0.070447082,1
-77.51749633,-0.066777822,1
-77.51777528,-0.07091915,1
-77.52401946,-0.070618743,1
-77.52028583,-0.072614305,1
-77.51266835,-0.069781894,1
-77.5135052,-0.066541788,1
-77.53390524,-0.065617217,1
-77.53156636,-0.065960539,1
-77.52772543,-0.066368235,1
-77.53821823,-0.068020474,1
-77.53639433,-0.067526948,1
-77.53894779,-0.069200646,1
-77.52397848,-0.058099457,1
-77.52888156,-0.058067271,1
-77.52651049,-0.059419103,2
-77.52260519,-0.061425394,2
-77.52051307,-0.060770936,2
-77.52567364,-0.06064219,2
-77.52732588,-0.060309596,2
-77.52107831,-0.065579646,2
-77.52336413,-0.067169118,2
-77.50749432,-0.07538392,1
-77.52893053,-0.078581111,1
-77.52472483,-0.078345077,1
-77.51562677,-0.0781305,1
-77.52787911,-0.08031918,1
-77.52551876,-0.080405011,1
-77.52975714,-0.087164427,1
-77.54143011,-0.088108563,1
-77.54059326,-0.084653882,1
-77.52939236,-0.084868459,1
-77.53170979,-0.080340894,1
-77.5661128,-0.073933871,1
-77.56565146,-0.071691546,1
-77.56303362,-0.074180634,1
-77.57502821,-0.072681709,2
-77.57708815,-0.06937723,2
-77.57363346,-0.074012083,2
-77.57477072,-0.067403125,2
-77.57955578,-0.071179673,2
-77.56449656,-0.063327479,2
-77.56655649,-0.06487243,2
-77.5690885,-0.061997104,2
-77.56569819,-0.061632324,2
-77.57192091,-0.058349302,2
-77.54699293,-0.051832255,2
-77.54531989,-0.065285733,2
-77.54678974,-0.063204341,2
-77.54705796,-0.062056356,2
-77.5480021,-0.062388949,2
-77.54922519,-0.062431865,2
-77.54974017,-0.061713033,2
-77.54575977,-0.066122582,2
-77.54189739,-0.068075229,1
-77.54803429,-0.066680481,1
-77.549193,-0.065350106,1
-77.46477061,-0.054226141,1
-77.46627265,-0.05598567,1
-77.48461238,-0.039607397,1
-77.48862497,-0.03866326,1
-77.4807687,-0.039611439,1
-77.48206689,-0.040029863,1
-77.48216345,-0.038452725,1
-77.48595073,-0.038935522,1
-77.48436286,-0.041059831,1
-77.48288228,-0.040308813,1
-77.47732474,-0.039085726,2
-77.47826888,-0.040094236,2
-77.47202561,-0.040115135,2
-77.47058794,-0.043870227,2
-77.47072758,-0.050744947,1
-77.46782006,-0.050980982,1
-77.5381278,-0.231288271,1
-77.5375699,-0.227511751,1
-77.53048887,-0.231931996,1
-77.52259244,-0.232103656,1
-77.5406598,-0.23540811,1
-77.53293504,-0.237253454,1
-77.52817144,-0.237725519,1
-77.51823653,-0.240343332,2
-77.52012481,-0.240793939,2
-77.51692762,-0.241051429,2
-77.60169919,-0.195767125,2
-77.60004695,-0.196915104,2
-77.59853418,-0.196636156,2
-77.60057266,-0.195477448,2
-77.61226524,-0.196250396,1
-77.61164297,-0.199232995,1
-77.60954012,-0.196636632,1
-77.60610689,-0.19944757,1
-77.60385383,-0.197548578,1
-77.60119308,-0.199340283,1
-77.59868254,-0.199469028,1
-77.6017939,-0.200659921,1
-77.61723916,-0.193926796,1
-77.61971752,-0.191373348,1
-77.61490028,-0.192456954,1
-77.61875193,-0.193969711,1
-77.60655324,-0.190493588,1
-77.60872047,-0.190504317,1
-77.61088769,-0.188068884,1
-77.60402124,-0.191362619,1
-77.60835569,-0.191920515,1
-77.61090915,-0.19091201,1
-77.62406744,-0.187649217,1
-77.62417473,-0.184730989,1
-77.59916385,-0.218556097,1
-77.5987347,-0.222547195,1
-77.60216793,-0.221989299,1
-77.60658821,-0.213191717,1
-77.6191624,-0.210144749,1
-77.61641582,-0.217955287,1
-77.60774692,-0.216496175,1
-77.62259563,-0.211389285,1
-77.61680206,-0.218255692,1
-77.57978697,-0.191590586,1
-77.5782742,-0.188650901,1
-77.45532626,-0.187665215,1
-77.45489711,-0.181528353,1
-77.45772952,-0.188695178,1
-77.45871658,-0.19139883,1
-77.46404091,-0.174419584,1
-77.43819361,-0.152149642,1
-77.43793612,-0.15448852,1
-77.43963127,-0.152042354,1
-77.4395669,-0.154552893,1
-77.44231348,-0.148072699,1
-77.44171267,-0.149660561,1
-77.4405325,-0.150711983,1
-77.44008189,-0.15502496,1
-77.43737822,-0.14591621,1
-77.43881588,-0.145358312,1
-77.43731385,-0.147032005,1
-77.43832236,-0.146710141,1
-77.43742113,-0.148319461,1
-77.43659475,-0.148724847,1
-77.43636944,-0.147555407,1
-77.4383811,-0.147544679,1
-77.43739941,-0.149186185,1
-77.46093811,-0.146588148,1
-77.46259035,-0.146545232,1
-77.46275128,-0.144753523,1
-77.46023,-0.147306977,1
-77.46791185,-0.145214861,1
-77.46533693,-0.144914455,1
-77.46490778,-0.146609605,1
-77.46740759,-0.146759808,1
-77.47077645,-0.145654742,1
-77.47087301,-0.146352114,1
-77.46958555,-0.146620334,1
-77.46815861,-0.147231876,1
-77.46989668,-0.145322149,1
-77.47147382,-0.145214861,1
-77.47145237,-0.146255555,1
-77.47126998,-0.147510824,1
-77.4669248,-0.1477254,1
-77.46305169,-0.147618112,1
-77.46457518,-0.147296248,1
-77.46961041,-0.147745665,2
-77.47319175,-0.146845819,1
-77.47447921,-0.147543192,1
-77.47999108,-0.146491268,1
-77.48069918,-0.148036215,1
-77.47657931,-0.14700625,1
-77.47602141,-0.148250791,1
-77.47810281,-0.146813132,1
-77.48132146,-0.146534183,1
-77.48213685,-0.146770216,1
-77.48250163,-0.147692893,1
-77.48346722,-0.14655564,1
-77.48443282,-0.146877504,1
-77.48430407,-0.147714351,1
-77.48314536,-0.148336621,1
-77.48572028,-0.147800181,1
-77.48638547,-0.146963335,1
-77.48726523,-0.147220826,1
-77.4878875,-0.147950385,1
-77.48580075,-0.146442988,1
-77.47355891,-0.148535302,1
-77.47462106,-0.148631861,1
-77.4719925,-0.148588946,1
-77.4724753,-0.147698456,1
-77.47315121,-0.147762828,1
-77.47545791,-0.14667922,1
-77.48757077,-0.144844595,1
-77.48424483,-0.145209374,1
-77.48266769,-0.145574153,1
-77.4877619,-0.202263038,1
-77.50607271,-0.257047028,1
-77.58316362,-0.075197617,2
-77.57981622,-0.076249042,2
-77.5864681,-0.086688189,2
-77.58330309,-0.086849121,2
-77.58142555,-0.087106613,2
-77.58784139,-0.085636764,2
-77.58946145,-0.084520967,2
-77.58936489,-0.085475832,2
-77.58845293,-0.084456594,2
-77.58632863,-0.086709647,2
-77.58912729,-0.085961933,2
-77.58581744,-0.085371848,2
-77.58720009,-0.089957852,2
-77.58657245,-0.089973945,2
-77.58088081,-0.092216269,1
-77.57958262,-0.091014641,1
-77.57681458,-0.093525185,1
-77.59542343,-0.103407468,2
-77.59587404,-0.102978315,2
-77.596845,-0.103262629,2
-77.59193771,-0.102784587,2
-77.59179555,-0.102489545,2
-77.58990728,-0.10269071,2
-77.59015136,-0.102519049,2
-77.59036325,-0.102333977,2
-77.59061538,-0.102103307,2
-77.59071999,-0.101993337,2
-77.59509498,-0.101102775,2
-77.59303504,-0.099992342,2
-77.59305113,-0.101590936,2
-77.59255224,-0.099986978,2
-77.59410792,-0.099579282,2
-77.59133452,-0.101210063,2
-77.59021388,-0.10606425,2
-77.59018705,-0.106370021,2
-77.59028898,-0.106852818,2
-77.59076641,-0.108247564,2
-77.59132431,-0.108424589,2
-77.59087906,-0.108569428,2
-77.59136186,-0.108998581,2
-77.59104536,-0.109288259,2
-77.592306,-0.108049081,2
-77.59185539,-0.109535022,2
-77.59431766,-0.10809736,2
-77.59319649,-0.107657479,2
-77.59329842,-0.109234615,2
-77.59549246,-0.103644901,2
-77.55125929,-0.189306326,1
-77.54589487,-0.189649647,1
-77.53520895,-0.191623742,1
-77.54186082,-0.180165405,1
